deep_space,3043
asteroid_day,2652
near_earth,1603
planetary,1333
solar_system,1021
la_sci_sn,900
asteroid_redirect_mission,850
canadian_space,756
neo_grant,700
asteroid_threat,652
killer_asteroid_threat,550
new_asteroid,550
radio_live_near_earth,550
society,526
space_station,511
russian_meteor,500
nasa,473
science,427
space,426
near_earth_object,419
asteroid_impact,406
bill_nye,406
earth_could,400
la_sci_sn_asteroid,350
asteroid,308
near_earth_asteroid,307
earth_asteroid,302
space_flight,301
list_minor,301
la_sci_sn_nasa,300
latimes,295
op_ed,258
new_space,252
past_earth,250
asteroid_split,250
nasa_spacecraft,250
scope_space,250
close_approach,250
first_ever,250
global_neoshield_project,250
northern_arizona,250
succeed_asteroid,250
first_asteroid,250
asteroid_clay,250
simple,242
neoshield,231
industries,221
deepspaceindustries,212
asteroid_belt,212
dwarf_planet,208
space_rock,208
asteroids,206
la_sci,202
near_earth_space,201
center_solar,201
space_object,201
human_spaceflight,201
giant_asteroid,201
panel_sxsw,200
rick_tumlinson,200
refuel_build,200
crucial_next_wave_space,200
gold_rush_space,200
plan_mine_next_one,200
nasa_space_station,200
nasa_jet,200
space_station_orbit_status,200
asteroid_due,200
mine_space,200
north_pole,200
billion_raw,200
dsi_chairman_rick_tumlinson,200
dawn_spacecraft,200
asteroid_worth,200
mission_iss,200
eye_water_first,200
radio_space,200
meagan_crawford,200
richest_man,200
k_near,200
dsi_chief,200
daniel_faber_ceo_dsi,200
asteroid_bennu,200
radio_show,200
bill_miller_veteran_start,200
space_center,200
earth_near_miss,200
articles,198
spaceref,181
earth,162
lost_space,153
space_earth,152
deflect_asteroid,152
outer_space,152
space_law,151
rex_mission,151
princeton_catalog,151
asteroid_blast_hit_russia,150
space_space_com,150
delgado_lopez,150
la_na_nn,150
nasa_jpl,150
impact_last_alert_system,150
nasa_asleep_switch,150
asteroid_today,150
new_law,150
red_planet,150
two_asteroid,150
hit_earth,150
night_sky,150
asteroid_impact_mission,150
sugarloaf_mountain,150
la_sci_sn_russian,150
meteor_asteroid,150
la_sagra,150
spacex_moon,150
space_lightsail,150
ceo_steve,150
space_program,150
la_fi_mo,150
system_yes,150
mission,148
mars,140
jpl,139
wired,134
category,124
space_junk,103
new_millennium_program,103
killer_asteroid,102
pluto_charon,102
kuiper_belt,102
sara_seager,102
deep_drill,102
julian_malnic,102
ida_dactyl,101
list_near,101
northeastern_us,101
blue_origin,101
day_life,101
atlas_v,101
new_video,101
type_main,101
nasa_budget,101
space_review,101
asteroid_earth,101
protect_earth,101
save_earth,101
launch_pad,101
cosmic_log,101
ice_sheet,101
donald_pray,101
russian_lake,101
sierra_nevada,101
request_interview,100
north_america,100
uk_space,100
sierra_nevada_spacex_get,100
deflect_killer,100
join_deep,100
system_could,100
asteroid_redirect_mission_report,100
public_send_artwork_asteroid,100
astronaut_sleep,100
bill_would,100
portrait_scale,100
la_fi_tn_asteroid,100
interview_dr,100
around_asteroid,100
six_comet,100
post_star,100
asteroid_survey,100
close_approach_pha_asteroid,100
blue_dot,100
ase_status_report_un,100
public_comment,100
asteroiden_tag,100
could_pave_way_space,100
radio_live,100
behind_goodnight_moon,100
wrote_book,100
space_race,100
pluto_system,100
pop_music,100
earth_cargo,100
dragon_spacecraft_beyond_moon,100
sls_program,100
mount_kilimanjaro_seen_proba,100
draft_report,100
make_best,100
non_profit,100
space_system,100
wrote_book_meteor_strike,100
spacex_falcon,100
la_fg,100
click_slideshow,100
ancient_planetoid,100
tim_russ,100
x_ray,100
martian_dust,100
space_program_sidebar,100
track_near,100
u_space,100
five_recent,100
asteroid_broke,100
fill_killer,100
lasso_nuke,100
saturn_v,100
moon_dysnomia,100
ua_startup,100
glacier_shape,100
bolden_clash,100
second_year_data,100
mission_option,100
king_tut_blade_made,100
relief_idea,100
core_mission,100
option_b,100
star_shower,100
clinton_donald,100
countdown_pluto,100
space_gps,100
south_polar_region,100
roderick_romero,100
webb_space,100
shine_new_light_near,100
open_letter,100
watch_space,100
new_insight_dark_matter,100
planet_found,100
take_global,100
wide_field,100
new_year,100
asteroid_mission_benefit,100
soar_nasa,100
la_sci_sn_chelyabinsk,100
human_mission_asteroid,100
nasa_iss,100
halloween_asteroid_treat_radar,100
spacex_send,100
find_us,100
post_brexit,100
distant_nebula,100
nasa_mission,100
unveil_new,100
sweet_spot_iss_cargo,100
asteroid_day_expert_panel,100
earlier_thought,100
asteroid_miss,100
guest_laura,100
detect_track,100
got_stinkier,100
look_defend_earth_q,100
asteroid_strike,100
week_nasa,100
de_la_sagra,100
land_special,100
make_close_approach_earth,100
witch_head_sky,100
asteroid_video,100
arxiv_org,100
daniel_faber,100
asteroid_strike_earth_halloween,100
much_world,100
us_asteroid,100
good_bad,100
trump_weigh,100
enough_next_asteroid_strike,100
car_size,100
blacklist_eumetsat,100
watch_live,100
nomen_bruce,100
post_carl,100
cygnus_cargo,100
long_shipworm,100
grant_program,100
nasa_go,100
cost_next,100
next_year,100
nast_user,100
spray_paint,100
alien_planet,100
la_fg_wn,100
space_ground,100
paradigm_exoplanet,100
nasa_launch,100
nasa_asteroid_sampler,100
better_tool,100
come_back,100
donald_trump,100
galileo_spacecraft,100
space_hangout,100
find_match_day_hard,100
learn_lot,100
new_detector_perfect_asteroid,100
solar_transit,100
need_fix,100
beyond_earth,100
asteroid_near_miss,100
earth_day,100
rex_map,100
health_planet,100
next_asteroid,100
launcher_project,100
orion_em,100
nobel_prize_winner_malala,100
comet_churyumov_gerasimenko,100
sagan_pale,100
confront_asteroid,100
full_disc,100
world_better,100
way_enough,100
asteroid_redirect,100
asteroid_redirect_mission_fast,100
mms_set,100
second_pair,100
rosetta_death_dive_comet,100
short_asteroid,100
opinion_asteroid_redirect_mission,100
world_largest,100
list_asteroid_close,100
asteroid_trigger,100
mission_watch,100
pure_metal_asteroid,100
dream_chaser,100
arctic_cold_season_higher,100
next_earth,100
david_j_eicher,100
directorate,96
spacecraft,96
cneos,95
radio,92
smithsonian,90
projects,86
neo,82
mining,82
moon,79
universe,78
astronomy,74
today,74
universetoday,73
asteroidday,71
smithsonianmag,70
observatory,64
technology,63
show,63
soundcloud,61
hawaii,61
jupiter,60
aviation,57
eng,57
archives,56
meteorite,56
minor_planet,55
solarviews,54
planets,54
air_space,54
list_solar,53
earth_impact,53
dawn_journal,53
comet_cg,53
marc_rayman,53
orion_spacecraft,53
neptunian_object,53
johnson_space_center,52
ed_lu,52
small_solar,52
alan_stern,52
defense,52
asteroid_vesta,52
keyword,52
great_american,52
pale_blue_dot,52
ellen_stofan,52
trojan_asteroid,52
comet_tail,51
graham_ryder,51
asteroid_pair,51
g_v,51
nc_sa,51
gas_giant,51
asteroid_day_faq,51
american_meteor,51
talk_near,51
long_march,51
deck_panorama,51
patrick_michel,51
impact_hazard,51
talk_nasa,51
section,51
big_question,51
artist_concept,51
week,51
spirit_self_portrait_mcmurdo,51
chief_scientist,51
hope_pluto,51
one_astronaut,51
asteroid_watch,51
whiff_dark_matter_iss,51
gv_schiaparelli,51
defend_earth_asteroid_strike,51
solar_sail,51
canada_ca,51
bennu_back,51
boston_globe,51
pray_sugarloaf,51
anaglyph_dawn,51
costa_rica,51
end_world,51
tunguska_impact,51
mauna_kea,51
talk_asteroid,51
round_object,51
euler_diagram,51
indian_space,51
death_star,51
asteroid_day_esa,51
europa_clipper,51
comet_ison_closest_approach,51
rick_hauck,51
brexit_britain,51
ne_asteroid_stub,51
nasa_tv,51
nasa_deep_space_network,51
sentinel_asteroid,51
nasa_sunlight,51
evan_gough,51
moon_cover,51
rod_pyle,51
state_space,51
clark_chapman,51
sentinel_hunt,51
heidi_hammel,51
cygnus_oa,51
american_museum,51
dave_scott,51
smithsonian_com,51
quan_zhi_ye_catalina,51
iowa_state,51
head_nasa,51
soyuz_tma,51
akjoujt_mauritania_seen_orbit,51
list_saturn,51
life_cosmos_special_report,51
place_space,51
russia_meteor,51
earth_co,51
jim_mcdivitt,51
spacecraft_asteroid,51
outer_planet,51
ohb_system,51
asteriod_threat,51
mark_boslough,51
new_order_insect_found,50
telescope,50
strike_pay,50
field_test,50
concordia_station,50
guy_head,50
across_titan,50
asteroid_strike_red_planet,50
hawai_noa,50
wise_spacecraft,50
citizen_scientist,50
redirect_asteroid,50
miss_earth,50
bright_spot,50
watch_huge,50
tom_pro,50
script_uk,50
steer_clear,50
asteroid_six,50
review_south,50
plum_brook,50
apollo_astronaut,50
startup_planet,50
book_review,50
phase_esa,50
view_comet,50
per_hour,50
luca_buzzi,50
two_sls,50
stephen_colbert,50
drag_space_rock_lunar,50
cosmos_award,50
align_u,50
look_asteroid,50
de_mallorca,50
cheap_submit,50
small,50
nation_brief_arizona_small,50
half_mile_wide,50
momentum_space,50
bigger_slice,50
europa_mission,50
rethink_joint,50
chelyabinsk_meteor,50
john_culberson,50
aaron_cohen,50
john_glenn,50
face_stagnant,50
einstein_blunder,50
mark_doomsday,50
bohr_model,50
bill_nye_open_letter,50
origin_solar,50
photo_contest,50
space_age,50
laptop_mag,50
great_meteor,50
carbognani_aosta,50
asteroid_may,50
station_antarctica,50
dim_asteroid_hit_earth,50
esa_asteroid_micro_lander,50
new_nuclear,50
earth_quasi,50
earth_halloween,50
dwarf_planet_nasa_set,50
impact_threat,50
air_johnson,50
earth_today,50
fix_asteroid,50
ancient_young,50
tractor_could,50
seen_space,50
earth_object,50
unveil_crew,50
grig_journey,50
monstrous_ice,50
asteroid_size,50
lasso_asteroid_could_work,50
blade_made,50
stage_test,50
find_asteroid,50
road_trip,50
la_na,50
monstrous_ice_cloud_titan,50
asteroid_moon_shown,50
save_world,50
fragment_earth,50
blue_moon,50
new_south,50
cosmic_neighborhood,50
tonight_stalk_internet,50
daniel_coley,50
best_time,50
power_red_planet,50
asteroid_origin,50
assess_danger,50
impact_risk,50
led_flojo,50
could_pose,50
pilot_error,50
death_rock_space,50
nasa_budget_made,50
cassini_march,50
expert_say,50
earth_get,50
threat_earth,50
small_space,50
proto_planet,50
sls_europa,50
asteroid_top,50
nasa_weigh,50
heidelberg_k,50
video_watch,50
op_ed_align_u,50
aosta_valley,50
asteroid_redirect_mission_may,50
space_symposium,50
journey_red,50
nasa_new,50
mountain_zoom,50
nasa_new_asteroid_alert,50
life_asteroid_field,50
dawn_probe,50
earth_whisker,50
asteroid_hit,50
found_never_seen_asteroid,50
planet_mission,50
nation_brief,50
morph_asteroid_hunter,50
brane_craft,50
e_print,50
new_york_area,50
nasa_project,50
larger_pluto,50
avoid_asteroid,50
high_launch,50
utopia_planitia,50
budget_cut,50
rover_scientist,50
name_asteroid,50
asteroid_miss_earth_whisker,50
seen_india,50
asteroid_zip,50
orbit_around,50
impact_hazard_scale,50
formal_review,50
solar_system_data,50
hole_frozen,50
asteroid_program,50
chelyabinsk_asteroid,50
plot_made_hollywood,50
sahara_rock,50
partner_asteroid_day,50
space_threat,50
brutal_murder_teen_age,50
earth_size,50
earth_path,50
block_island,50
peak_season,50
blood_moon,50
prep_spectacular,50
nasa_ig,50
system_l,50
first_time_ever_two,50
human_race,50
great_seal,50
nasa_juno,50
largest_asteroid,50
kiss_tell,50
small_asteroid,50
churyumov_gerasimenko,50
mount_erebus,50
alert_system,50
saturn_still,50
test_site,50
redirect_mission,50
doubt_europa_mission,50
see_solar_system,50
friday_night,50
close_look,50
nasa_mms,50
youngest_known,50
chief_steve_jurczyk,50
sky_survey,50
say_asteroid,50
solar_probe_plus,50
umbc_solar,50
around_sun,50
short_term,50
mms_spacecraft,50
work_rethink_red_planet,50
video_watch_space_rock,50
nasa_pie,50
asteroid_pass_near_earth,50
third_grader,50
asteroid_could,50
nasa_dawn,50
let_fix_asteroid_redirect,50
fight_nasa,50
like_star,50
greater_coat,50
earth_tonight,50
gps_new,50
split_open,50
north_american_meteor_network,50
asteroid_focus,50
new_order,50
orbit_earth,50
spacex_take,50
first_ever_close_photo,50
two_nasa,50
neat_msss,50
nasa_esa,50
asteroid_track,50
revista_cubana_de_f,50
phase_ii_award,50
u_rep_adam_b,50
earth_first_trojan_asteroid,50
crash_flash,50
past_earth_close_shave,50
danger_new,50
green_director,50
comisi_n,50
data_center,50
saturn_moon,50
could_mean,50
data_dump,50
david_j,50
esa_concordia,50
nasa_long,50
see_rock,50
ase_statement,50
petit_poulet,50
sutter_mill,50
spacecraft_look,50
second_shot,50
kepler_space,50
nebula_sea,50
fujita_scale,50
swing_near,50
atom_three,50
joint_outer,50
make_case,50
leadership_leadership,50
ted_cruz,50
